{
  "x_mean": [
    0.49984583258628845,
    1.8006839752197266,
    1.3997384309768677,
    2.9344723224639893
  ],
  "x_std": [
    0.288107305765152,
    0.28213804960250854,
    0.2833670973777771,
    0.30760326981544495
  ],
  "y_mean": 34.43614196777344,
  "y_std": 13.562276850209962,
  "floor_value": -40.0,
  "floor_norm": -5.4884694354710115
}